{
  "args": {
    "days": 3,
    "seq_length": 30,
    "epochs": 10,
    "lr": 0.001,
    "batch_size": 64,
    "model_path": "cnn_lstm_btc_model.pth",
    "use_cached": false
  },
  "metrics": {
    "accuracy": 0.5230566534914362,
    "precision": 0.5555555555555556,
    "recall": 0.013774104683195593,
    "f1_score": 0.026881720430107527,
    "auc_score": 0.4904103013607146
  },
  "data_shape": [
    3840,
    8
  ],
  "model_params": 745953,
  "training_completed": "2025-07-11T23:14:21.288523"
}